{"cameraMode":{"drawMode":0,"name":"Shaded","section":"Shading Mode"},"sceneLighting":false,"audioPlay":false,"sceneViewState":{"m_AlwaysRefresh":false,"showFog":true,"showSkybox":false,"showFlares":true,"showImageEffects":true,"showParticleSystems":true,"showVisualEffectGraphs":true,"m_FxEnabled":true},"in2DMode":false,"pivot":{"x":1.7774832248687745,"y":5.039999961853027,"z":70.20999908447266},"rotation":{"x":-0.14355196058750153,"y":-0.06525883823633194,"z":0.008773180656135083,"w":-0.9876036047935486},"size":5.612488269805908,"orthographic":false}